Unit Index,Grammar Topic,Page
1,Present tenses,1
2,Past tenses 1,8
3,Present perfect,18
4,Past tenses 2,27
5,Future 1,38
6,Future 2,48
7,Countable and uncountable nouns,55
8,Referring to nouns,64
9,Pronouns and referencing,73
10,Adjectives and adverbs,80
11,Comparing things,90
12,The noun phrase,98
13,Modals 1,107
14,Modals 2,114
15,Reported speech,123
16,Verb + verb patterns,133
17,Likelihood based on conditions 1,144
18,Likelihood based on conditions 2,154
19,Prepositions,164
20,Relative clauses,173
21,Ways of organising texts,184
22,The passive,191
23,Linking ideas,198
24,Showing your position in a text,210
25,Nominalisation in written English,216